<?xml version="1.0" encoding="UTF-8" standalone="yes"?>
<addon id="plugin.video.anjnewwizard" name="AnJ Kodi Wizard" version="1.0.0" provider-name="A and J Electronics">
  <requires>
    <import addon="xbmc.python" version="2.1.0"/>
  </requires>
  <extension point="xbmc.python.pluginsource" library="default.py">
        <provides>video executable</provides>
  </extension>
  <extension point="xbmc.addon.metadata">
    <summary lang="en">A n J Kodi Wizard</summary>
    <description lang="en">Best Kodi Tutorials</description>
	<website>http://www.aandjelectronicsandmore.com/</website>
    <platform>all</platform>
  </extension>
</addon>
